time,username,ipaddr
Mar 05 19:34:57,ranjeet,45.80.64.246
Mar 05 19:36:34,vnc,116.246.21.23
Mar 05 19:45:46,sdtdserver,200.195.166.172
Mar 05 19:47:30,admin,144.217.214.100
Mar 05 19:51:20,gerrit2,58.217.158.10
Mar 05 19:57:54,adam,179.93.48.253
Mar 05 20:00:30,ts3,146.66.244.246
Mar 05 20:00:36,ubuntu,142.93.232.102
Mar 05 20:03:03,cpaneleximscanner,104.197.130.244
Mar 05 20:08:18,princess,124.251.110.147
Mar 05 20:10:46,dockeruser,65.98.111.218
Mar 05 20:15:12,root,146.66.244.246
Mar 05 20:16:51,tongxin,121.178.212.67
Mar 05 20:19:36,tinkerware,146.66.244.246
Mar 05 20:23:44,robert,119.29.252.252
Mar 05 20:23:50,rustserver,146.66.244.246
Mar 05 20:24:39,hata_satoshi,111.161.74.118
Mar 05 20:25:49,wp,123.143.3.44
Mar 05 20:27:12,zbl,142.93.232.102
Mar 05 20:29:58,HTTP,146.66.244.246
Mar 05 20:31:11,jomar,142.93.232.102
Mar 05 20:33:20,db2fenc1,119.29.252.252
Mar 05 20:33:22,scan,123.143.3.44
Mar 05 20:34:30,www-data,146.66.244.246
Mar 05 20:35:11,apache,142.93.232.102
Mar 05 20:36:21,personal,121.178.212.67
Mar 05 20:38:08,ubuntu9,119.29.252.252
Mar 05 20:39:09,HTTP,142.93.232.102
Mar 05 20:39:12,steve,146.66.244.246
Mar 05 20:40:38,runner,123.143.3.44
Mar 05 20:42:51,fdy,119.29.252.252
Mar 05 20:43:06,storm,142.93.232.102
Mar 05 20:43:25,root,146.66.244.246
Mar 05 20:45:34,zhoulin,123.143.3.44
Mar 05 20:47:12,kafka,142.93.232.102
Mar 05 20:47:45,hanshow,146.66.244.246
Mar 05 20:48:08,lixj,117.55.241.3
Mar 05 20:49:40,newuser,119.29.252.252
Mar 05 20:49:43,mongodb,121.178.212.67
Mar 05 20:50:25,root,123.143.3.44
Mar 05 20:51:38,dev,117.55.241.3
Mar 05 20:52:11,mars,146.66.244.246
Mar 05 20:52:58,root,111.161.74.118
Mar 05 20:53:17,root,142.93.232.102
Mar 05 20:54:21,server-pilotuser,119.29.252.252
Mar 05 20:54:40,pms,117.55.241.3
Mar 05 20:55:47,kirinuki,123.143.3.44
Mar 05 20:56:33,jira,146.66.244.246
Mar 05 20:57:14,james,142.93.232.102
Mar 05 20:57:46,at,117.55.241.3
Mar 05 20:59:04,fangbingkun,119.29.252.252
Mar 05 21:00:46,vernemq,123.143.3.44
Mar 05 21:00:50,root,117.55.241.3
Mar 05 21:00:52,temp,146.66.244.246
Mar 05 21:01:15,jira,142.93.232.102
Mar 05 21:02:58,wyjeong,121.178.212.67
Mar 05 21:03:12,gitlab-prometheus,111.161.74.118
Mar 05 21:03:39,zabbix,119.29.252.252
Mar 05 21:04:02,csserver,117.55.241.3
Mar 05 21:05:15,uucp,146.66.244.246
Mar 05 21:05:25,javier,142.93.232.102
Mar 05 21:05:31,osmc,123.143.3.44
Mar 05 21:07:13,gaoxinchen,117.55.241.3
Mar 05 21:07:57,testtest,111.161.74.118
Mar 05 21:08:15,backup,119.29.252.252
Mar 05 21:09:21,wangtingzhang,142.93.232.102
Mar 05 21:09:39,bin,146.66.244.246
Mar 05 21:10:12,asterisk,123.143.3.44
Mar 05 21:10:18,puebra,117.55.241.3
Mar 05 21:12:49,sinusbot,119.29.252.252
Mar 05 21:13:04,vboxuser,111.161.74.118
Mar 05 21:13:16,oradev,142.93.232.102
Mar 05 21:13:21,ssh,117.55.241.3
Mar 05 21:14:02,root,146.66.244.246
Mar 05 21:14:52,hadoop,123.143.3.44
Mar 05 21:16:07,test2,121.178.212.67
Mar 05 21:16:23,db2fenc1,117.55.241.3
Mar 05 21:17:19,student,142.93.232.102
Mar 05 21:17:24,root,119.29.252.252
Mar 05 21:18:11,root,111.161.74.118
Mar 05 21:18:27,admins,146.66.244.246
Mar 05 21:19:34,lizhuo,117.55.241.3
Mar 05 21:19:43,hblee,123.143.3.44
Mar 05 21:21:25,ec2-user,142.93.232.102
Mar 05 21:22:04,mailman,119.29.252.252
Mar 05 21:22:45,smtp,117.55.241.3
Mar 05 21:22:46,sleeper,146.66.244.246
Mar 05 21:23:22,sftptest,111.161.74.118
Mar 05 21:24:33,husty,123.143.3.44
Mar 05 21:25:24,laravel,142.93.232.102
Mar 05 21:25:48,customer,117.55.241.3
Mar 05 21:26:40,temp,119.29.252.252
Mar 05 21:27:01,user,146.66.244.246
Mar 05 21:28:13,ec2-user,111.161.74.118
Mar 05 21:28:55,ts3user,117.55.241.3
Mar 05 21:29:16,appuser,121.178.212.67
Mar 05 21:29:16,trade,142.93.232.102
Mar 05 21:29:18,ralph,123.143.3.44
Mar 05 21:31:11,irc,119.29.252.252
Mar 05 21:31:23,ts3,146.66.244.246
Mar 05 21:31:57,share,117.55.241.3
Mar 05 21:33:11,rpc,111.161.74.118
Mar 05 21:33:16,jatten,142.93.232.102
Mar 05 21:34:05,marco,123.143.3.44
Mar 05 21:34:12,jenkins,91.134.140.242
Mar 05 21:35:05,amandabackup,117.55.241.3
Mar 05 21:35:43,jayheo,146.66.244.246
Mar 05 21:35:44,gpadmin,119.29.252.252
Mar 05 21:37:26,lingqi,142.93.232.102
Mar 05 21:38:06,cpanelrrdtool,111.161.74.118
Mar 05 21:38:14,epmd,117.55.241.3
Mar 05 21:38:35,opensource,91.134.140.242
Mar 05 21:38:58,daniel,123.143.3.44
Mar 05 21:39:52,james,146.66.244.246
Mar 05 21:40:14,ftp1,119.29.252.252
Mar 05 21:41:14,ankur,117.55.241.3
Mar 05 21:41:18,mongo,142.93.232.102
Mar 05 21:41:23,admin,91.134.140.242
Mar 05 21:42:21,maurice,121.178.212.67
Mar 05 21:42:58,user,111.161.74.118
Mar 05 21:43:50,nobody,123.143.3.44
Mar 05 21:44:16,bot,146.66.244.246
Mar 05 21:44:20,yoshida,117.55.241.3
Mar 05 21:44:53,justinbiberx,119.29.252.252
Mar 05 21:45:12,appserver,142.93.232.102
Mar 05 21:46:33,rstudio-server,91.134.140.242
Mar 05 21:47:24,postgres,117.55.241.3
Mar 05 21:47:55,hemo,111.161.74.118
Mar 05 21:48:40,chris,123.143.3.44
Mar 05 21:48:47,nam,146.66.244.246
Mar 05 21:49:15,guest3,142.93.232.102
Mar 05 21:49:31,ts,119.29.252.252
Mar 05 21:49:32,xhchen,91.134.140.242
Mar 05 21:50:35,surya,117.55.241.3
Mar 05 21:52:18,test,212.251.232.194
Mar 05 21:52:28,ftpuser,91.134.140.242
Mar 05 21:52:52,test,111.161.74.118
Mar 05 21:53:02,admin,146.66.244.246
Mar 05 21:53:11,satomi,142.93.232.102
Mar 05 21:53:32,developer,123.143.3.44
Mar 05 21:53:42,lixiangfeng,117.55.241.3
Mar 05 21:54:00,netdump,119.29.252.252
Mar 05 21:54:15,rstudio-server,180.76.100.33
Mar 05 21:55:18,scpuser,91.134.140.242
Mar 05 21:55:34,backup,121.178.212.67
Mar 05 21:56:48,smbread,117.55.241.3
Mar 05 21:57:18,joe,146.66.244.246
Mar 05 21:57:43,renxiaoguang,111.161.74.118
Mar 05 21:58:07,tom,91.134.140.242
Mar 05 21:58:25,zanron,123.143.3.44
Mar 05 21:58:28,root,119.29.252.252
Mar 05 21:59:48,jboss,117.55.241.3
Mar 05 22:01:01,gitlab-runner,91.134.140.242
Mar 05 22:01:35,deploy,146.66.244.246
Mar 05 22:02:06,smmsp,62.122.244.227
Mar 05 22:02:48,precos,111.161.74.118
Mar 05 22:02:49,jenkins,117.55.241.3
Mar 05 22:03:14,piotr,123.143.3.44
Mar 05 22:03:59,ts3srv,91.134.140.242
Mar 05 22:04:28,soc,119.29.252.252
Mar 05 22:05:53,node,146.66.244.246
Mar 05 22:06:00,tsadmin,117.55.241.3
Mar 05 22:06:18,cba,212.251.232.194
Mar 05 22:06:57,centos,91.134.140.242
Mar 05 22:07:25,riak,111.161.74.118
Mar 05 22:07:59,jocelyn,123.143.3.44
Mar 05 22:08:39,guest2,121.178.212.67
Mar 05 22:09:01,root,119.29.252.252
Mar 05 22:09:14,liangmm,117.55.241.3
Mar 05 22:09:47,wp-user,180.76.100.33
Mar 05 22:09:51,test123,91.134.140.242
Mar 05 22:10:18,mongo,146.66.244.246
Mar 05 22:12:13,svnuser,111.161.74.118
Mar 05 22:12:20,lisha,117.55.241.3
Mar 05 22:12:22,ofisher,62.122.244.227
Mar 05 22:12:42,proxy,91.134.140.242
Mar 05 22:12:44,angel,123.143.3.44
Mar 05 22:14:32,renjiawei,146.66.244.246
Mar 05 22:14:56,wanght,119.29.252.252
Mar 05 22:15:27,root,117.55.241.3
Mar 05 22:15:39,tengyan,91.134.140.242
Mar 05 22:16:02,gzx,180.76.100.33
Mar 05 22:16:51,webftp,62.122.244.227
Mar 05 22:17:23,root,142.93.232.102
Mar 05 22:17:29,jhpark,111.161.74.118
Mar 05 22:17:29,minecraft,212.251.232.194
Mar 05 22:17:35,javier,123.143.3.44
Mar 05 22:18:33,teamspeak3,91.134.140.242
Mar 05 22:18:34,root,117.55.241.3
Mar 05 22:18:42,spark,146.66.244.246
Mar 05 22:18:58,backup,180.76.100.33
Mar 05 22:19:31,admin,119.29.252.252
Mar 05 22:21:10,zabbix,62.122.244.227
Mar 05 22:21:25,samuel,142.93.232.102
Mar 05 22:21:31,uucp,91.134.140.242
Mar 05 22:21:52,nodeserver,121.178.212.67
Mar 05 22:21:54,radiomail,180.76.100.33
Mar 05 22:21:54,sysadmin,117.55.241.3
Mar 05 22:22:22,mattermos,111.161.74.118
Mar 05 22:22:24,cyrus,123.143.3.44
Mar 05 22:23:05,oracle,146.66.244.246
Mar 05 22:23:56,media,119.29.252.252
Mar 05 22:24:20,ajay,91.134.140.242
Mar 05 22:24:48,sysadmin,180.76.100.33
Mar 05 22:25:07,pi,117.55.241.3
Mar 05 22:25:23,uucp,142.93.232.102
Mar 05 22:27:07,watari,123.143.3.44
Mar 05 22:27:14,java,91.134.140.242
Mar 05 22:27:16,bash,111.161.74.118
Mar 05 22:27:27,samuel,146.66.244.246
Mar 05 22:27:32,dspace,62.122.244.227
Mar 05 22:27:55,minecraft,180.76.100.33
Mar 05 22:28:16,liuzongming,117.55.241.3
Mar 05 22:28:29,mc,119.29.252.252
Mar 05 22:28:52,arma,212.251.232.194
Mar 05 22:29:16,gaojian,142.93.232.102
Mar 05 22:30:05,kafka,91.134.140.242
Mar 05 22:31:05,informix,180.76.100.33
Mar 05 22:31:18,at,117.55.241.3
Mar 05 22:31:44,transfer,146.66.244.246
Mar 05 22:31:49,kiran,123.143.3.44
Mar 05 22:31:53,ts3srv,111.161.74.118
Mar 05 22:31:57,web1,62.122.244.227
Mar 05 22:32:55,cpanelphpmyadmin,119.29.252.252
Mar 05 22:33:02,asterisk,91.134.140.242
Mar 05 22:33:09,dudeqing,142.93.232.102
Mar 05 22:34:02,web,180.76.100.33
Mar 05 22:34:24,mella,117.55.241.3
Mar 05 22:35:08,magda,121.178.212.67
Mar 05 22:35:56,liwei,91.134.140.242
Mar 05 22:36:06,yyg,146.66.244.246
Mar 05 22:36:07,devdba,87.8.216.119
Mar 05 22:36:20,web1,62.122.244.227
Mar 05 22:36:31,test1,111.161.74.118
Mar 05 22:36:40,student,123.143.3.44
Mar 05 22:36:52,pedro,180.76.100.33
Mar 05 22:37:06,oracle,142.93.232.102
Mar 05 22:37:16,system,119.29.252.252
Mar 05 22:37:34,nginx,117.55.241.3
Mar 05 22:39:00,root,91.134.140.242
Mar 05 22:39:54,madmin,180.76.100.33
Mar 05 22:39:55,alexk,212.251.232.194
Mar 05 22:40:32,ubuntu,146.66.244.246
Mar 05 22:40:39,joyou,62.122.244.227
Mar 05 22:40:48,oracle,117.55.241.3
Mar 05 22:41:10,user,142.93.232.102
Mar 05 22:41:19,jianhaoc,111.161.74.118
Mar 05 22:41:31,lvzhizhou,123.143.3.44
Mar 05 22:41:49,kongl,119.29.252.252
Mar 05 22:42:39,zhuhan,180.76.100.33
Mar 05 22:43:49,redmine,117.55.241.3
Mar 05 22:44:12,wp-user,91.134.140.242
Mar 05 22:44:56,mail,62.122.244.227
Mar 05 22:44:57,nam,142.93.232.102
Mar 05 22:44:58,root,146.66.244.246
Mar 05 22:45:34,mailman,180.76.100.33
Mar 05 22:45:53,user,111.161.74.118
Mar 05 22:46:08,hadoop,123.143.3.44
Mar 05 22:46:13,ts3,119.29.252.252
Mar 05 22:46:39,root,85.28.83.23
Mar 05 22:46:54,ftpuser,117.55.241.3
Mar 05 22:47:10,user01,91.134.140.242
Mar 05 22:47:28,root,164.132.229.22
Mar 05 22:47:29,ts3serv,82.65.9.149
Mar 05 22:48:23,mcserver,121.178.212.67
Mar 05 22:48:36,marco,180.76.100.33
Mar 05 22:48:51,node,142.93.232.102
Mar 05 22:49:12,uno85,146.66.244.246
Mar 05 22:49:16,root,62.122.244.227
Mar 05 22:49:56,control,117.55.241.3
Mar 05 22:50:05,student,91.134.140.242
Mar 05 22:50:30,bs,111.161.74.118
Mar 05 22:50:42,influxdb,119.29.252.252
Mar 05 22:50:57,root,123.143.3.44
Mar 05 22:51:02,zhangshihao,212.251.232.194
Mar 05 22:51:23,root,180.76.100.33
Mar 05 22:52:34,q2server,212.64.58.58
Mar 05 22:53:01,hata_satoshi,142.93.232.102
Mar 05 22:53:03,web,91.134.140.242
Mar 05 22:53:14,danny,117.55.241.3
Mar 05 22:53:36,bmdmserver,146.66.244.246
Mar 05 22:54:10,xulei,180.76.100.33
Mar 05 22:55:03,web,119.29.252.252
Mar 05 22:55:19,root,111.161.74.118
Mar 05 22:55:48,couchdb,123.143.3.44
Mar 05 22:55:48,irc,91.134.140.242
Mar 05 22:56:23,cpanel,117.55.241.3
Mar 05 22:56:24,zhugf,62.122.244.227
Mar 05 22:56:59,temp,180.76.100.33
Mar 05 22:57:01,server,142.93.232.102
Mar 05 22:57:54,gmod,146.66.244.246
Mar 05 22:58:37,sinusbot,91.134.140.242
Mar 05 22:59:29,XiaB,117.55.241.3
Mar 05 22:59:29,dodserver,119.29.252.252
Mar 05 22:59:52,root,180.76.100.33
Mar 05 23:00:30,rstudio-server,111.161.74.118
Mar 05 23:00:34,gpadmin,123.143.3.44
Mar 05 23:00:50,root,62.122.244.227
Mar 05 23:00:58,tinkerware,142.93.232.102
Mar 05 23:01:30,xgridcontroller,91.134.140.242
Mar 05 23:01:36,hrm,121.178.212.67
Mar 05 23:02:00,steam,107.173.181.234
Mar 05 23:02:10,nexus,212.251.232.194
Mar 05 23:02:13,dudeqing,146.66.244.246
Mar 05 23:02:30,krishna,117.55.241.3
Mar 05 23:02:33,root,212.64.58.58
Mar 05 23:02:39,daemon,180.76.100.33
Mar 05 23:04:01,root,119.29.252.252
Mar 05 23:04:29,yuanliang,91.134.140.242
Mar 05 23:04:58,root,142.93.232.102
Mar 05 23:05:05,sinus,111.161.74.118
Mar 05 23:05:16,sybase,180.76.100.33
Mar 05 23:05:17,rr,123.143.3.44
Mar 05 23:05:40,root,117.55.241.3
Mar 05 23:06:31,gaojian,146.66.244.246
Mar 05 23:07:17,ubuntu,91.134.140.242
Mar 05 23:07:52,oneadmin,62.122.244.227
Mar 05 23:07:53,ackerjapan,180.76.100.33
Mar 05 23:08:50,apps,117.55.241.3
Mar 05 23:08:58,bot,142.93.232.102
Mar 05 23:09:21,kelly,111.161.74.118
Mar 05 23:09:54,gitlab-runner,119.29.252.252
Mar 05 23:10:00,eric,123.143.3.44
Mar 05 23:10:05,nobody,91.134.140.242
Mar 05 23:10:05,root,107.173.181.234
Mar 05 23:10:48,openbravo,146.66.244.246
Mar 05 23:12:05,mario,117.55.241.3
Mar 05 23:12:12,user,62.122.244.227
Mar 05 23:12:56,aptproxy,91.134.140.242
Mar 05 23:13:03,test,142.93.232.102
Mar 05 23:13:23,alfred,180.76.100.33
Mar 05 23:13:23,web,212.251.232.194
Mar 05 23:13:55,wuwei,111.161.74.118
Mar 05 23:14:12,import,119.29.252.252
Mar 05 23:14:45,root,123.143.3.44
Mar 05 23:14:51,virus,121.178.212.67
Mar 05 23:15:05,husty,146.66.244.246
Mar 05 23:15:09,fzs,117.55.241.3
Mar 05 23:15:47,rajesh,91.134.140.242
Mar 05 23:15:59,nicolas,180.76.100.33
Mar 05 23:16:31,chris,62.122.244.227
Mar 05 23:16:59,spark,142.93.232.102
Mar 05 23:18:15,git,117.55.241.3
Mar 05 23:18:16,radio,111.161.74.118
Mar 05 23:18:34,tinglok,119.29.252.252
Mar 05 23:18:42,guest,180.76.100.33
Mar 05 23:18:43,uucp,91.134.140.242
Mar 05 23:18:54,root,212.64.58.58
Mar 05 23:19:26,jira,123.143.3.44
Mar 05 23:19:29,gitlab-psql,146.66.244.246
Mar 05 23:20:50,louis,62.122.244.227
Mar 05 23:20:53,rustserver,142.93.232.102
Mar 05 23:21:15,root,180.76.100.33
Mar 05 23:21:15,teamspeak,117.55.241.3
Mar 05 23:21:31,michael,91.134.140.242
Mar 05 23:22:37,pms,111.161.74.118
Mar 05 23:23:48,root,146.66.244.246
Mar 05 23:23:58,xguest,180.76.100.33
Mar 05 23:24:19,minecraft,123.143.3.44
Mar 05 23:24:22,carlo,91.134.140.242
Mar 05 23:24:30,airbot,212.251.232.194
Mar 05 23:24:32,zjnsh,117.55.241.3
Mar 05 23:24:53,root,212.64.58.58
Mar 05 23:24:57,root,142.93.232.102
Mar 05 23:25:06,chang,62.122.244.227
Mar 05 23:26:42,ts3,180.76.100.33
Mar 05 23:26:54,ftp_user,111.161.74.118
Mar 05 23:27:06,ts3srv,119.29.252.252
Mar 05 23:27:09,mysql,91.134.140.242
Mar 05 23:27:42,ges,117.55.241.3
Mar 05 23:27:58,ocean,146.66.244.246
Mar 05 23:28:04,pietre,121.178.212.67
Mar 05 23:28:59,user,142.93.232.102
Mar 05 23:29:05,store,123.143.3.44
Mar 05 23:29:20,root,62.122.244.227
Mar 05 23:29:26,elc_admin,180.76.100.33
Mar 05 23:30:10,root,91.134.140.242
Mar 05 23:30:44,123,212.64.58.58
Mar 05 23:30:49,lili,117.55.241.3
Mar 05 23:31:08,wding,111.161.74.118
Mar 05 23:31:22,root,119.29.252.252
Mar 05 23:31:56,root,180.76.100.33
Mar 05 23:32:25,default,146.66.244.246
Mar 05 23:32:55,tmpu02,142.93.232.102
Mar 05 23:33:47,zhengyifan,117.55.241.3
Mar 05 23:33:56,confluence,123.143.3.44
Mar 05 23:34:32,user3,180.76.100.33
Mar 05 23:35:20,root,212.251.232.194
Mar 05 23:35:25,nodeserver,111.161.74.118
Mar 05 23:35:25,teamspeak3-user,91.134.140.242
Mar 05 23:35:33,root,119.29.252.252
Mar 05 23:36:31,openvpn,62.122.244.227
Mar 05 23:36:42,javier,146.66.244.246
Mar 05 23:36:50,ibpzxz,142.93.232.102
Mar 05 23:36:51,hblee,117.55.241.3
Mar 05 23:37:05,nisuser1,180.76.100.33
Mar 05 23:38:20,zhanglin,91.134.140.242
Mar 05 23:38:42,ertu,123.143.3.44
Mar 05 23:39:33,influxdb,111.161.74.118
Mar 05 23:39:46,root,119.29.252.252
Mar 05 23:39:48,kf2,180.76.100.33
Mar 05 23:39:57,wfz,117.55.241.3
Mar 05 23:40:45,root,62.122.244.227
Mar 05 23:40:47,vsftpd,146.66.244.246
Mar 05 23:40:48,man,142.93.232.102
Mar 05 23:41:08,luis,91.134.140.242
Mar 05 23:41:20,root,121.178.212.67
Mar 05 23:42:25,root,180.76.100.33
Mar 05 23:43:08,gaojian,117.55.241.3
Mar 05 23:43:17,jdw,123.143.3.44
Mar 05 23:43:45,hadoop,111.161.74.118
Mar 05 23:44:00,user,91.134.140.242
Mar 05 23:44:24,123123,212.64.58.58
Mar 05 23:44:50,support,142.93.232.102
Mar 05 23:44:54,root,180.76.100.33
Mar 05 23:45:01,zbl,146.66.244.246
Mar 05 23:45:34,ubuntu,119.29.252.252
Mar 05 23:46:09,usuario,117.55.241.3
Mar 05 23:46:09,rr,212.251.232.194
Mar 05 23:46:28,root,186.67.129.34
Mar 05 23:47:28,sandor,180.76.100.33
Mar 05 23:47:50,adam,62.122.244.227
Mar 05 23:47:52,root,111.161.74.118
Mar 05 23:48:06,root,123.143.3.44
Mar 05 23:48:41,admins,142.93.232.102
Mar 05 23:49:00,odoo9,212.64.58.58
Mar 05 23:49:09,root,117.55.241.3
Mar 05 23:49:16,user,146.66.244.246
Mar 05 23:49:18,takazawa,91.134.140.242
Mar 05 23:49:48,ftpsecure,119.29.252.252
Mar 05 23:50:02,renjiawei,180.76.100.33
Mar 05 23:52:05,alex,117.55.241.3
Mar 05 23:52:07,bliu,62.122.244.227
Mar 05 23:52:10,vbox,91.134.140.242
Mar 05 23:52:15,party,111.161.74.118
Mar 05 23:52:31,tfc,142.93.232.102
Mar 05 23:52:33,root,180.76.100.33
Mar 05 23:52:53,jinheon,123.143.3.44
Mar 05 23:53:22,apache,146.66.244.246
Mar 05 23:53:30,password123,212.64.58.58
Mar 05 23:54:00,cadmin,119.29.252.252
Mar 05 23:54:36,nsroot,121.178.212.67
Mar 05 23:54:58,steam,91.134.140.242
Mar 05 23:55:01,keith,180.76.100.33
Mar 05 23:55:10,report,117.55.241.3
Mar 05 23:56:07,joomla,111.161.74.118
Mar 05 23:56:26,root,62.122.244.227
Mar 05 23:56:33,git,142.93.232.102
Mar 05 23:57:01,lhl,212.251.232.194
Mar 05 23:57:33,hata_satoshi,146.66.244.246
Mar 05 23:57:41,capture,180.76.100.33
Mar 05 23:57:43,deployer,123.143.3.44
Mar 05 23:57:47,redis,91.134.140.242
Mar 05 23:58:00,password123,212.64.58.58
Mar 05 23:58:15,root,117.55.241.3
Mar 06 00:00:01,student,180.76.100.33
Mar 06 00:00:13,arkserver,111.161.74.118
Mar 06 00:00:32,renjiawei,142.93.232.102
Mar 06 00:00:33,opforserver,91.134.140.242
Mar 06 00:01:14,pyqt,117.55.241.3
Mar 06 00:01:42,ibpzxz,146.66.244.246
Mar 06 00:02:24,mashby,123.143.3.44
Mar 06 00:02:26,myftp,119.29.252.252
Mar 06 00:02:28,123456,212.64.58.58
Mar 06 00:02:39,aion,180.76.100.33
Mar 06 00:03:27,couchdb,91.134.140.242
Mar 06 00:03:30,chenxinnuo,62.122.244.227
Mar 06 00:04:15,root,117.55.241.3
Mar 06 00:04:17,agent,111.161.74.118
Mar 06 00:04:25,wildfly,142.93.232.102
Mar 06 00:05:12,git_user,180.76.100.33
Mar 06 00:05:53,debian,146.66.244.246
Mar 06 00:06:20,cpanelrrdtool,91.134.140.242
Mar 06 00:06:33,root,119.29.252.252
Mar 06 00:07:00,phpmy123,212.64.58.58
Mar 06 00:07:11,uucp,123.143.3.44
Mar 06 00:07:18,root,117.55.241.3
Mar 06 00:07:48,web,121.178.212.67
Mar 06 00:07:48,ivan,180.76.100.33
Mar 06 00:07:53,speech,212.251.232.194
Mar 06 00:07:56,test,62.122.244.227
Mar 06 00:08:18,postgres,142.93.232.102
Mar 06 00:08:26,cyyang,111.161.74.118
Mar 06 00:09:09,debian,91.134.140.242
Mar 06 00:10:05,Michelle,89.100.21.40
Mar 06 00:10:09,test,146.66.244.246
Mar 06 00:10:25,root,180.76.100.33
Mar 06 00:10:26,node,117.55.241.3
Mar 06 00:11:30,123@Debian,212.64.58.58
Mar 06 00:11:52,sammy,91.134.140.242
Mar 06 00:12:03,root,123.143.3.44
Mar 06 00:12:14,debian-spamd,119.29.252.252
Mar 06 00:12:17,temp,142.93.232.102
Mar 06 00:12:26,isl,111.161.74.118
Mar 06 00:12:48,angel,180.76.100.33
Mar 06 00:13:35,zhanglin,117.55.241.3
Mar 06 00:14:14,steam,62.122.244.227
Mar 06 00:14:15,oracle,146.66.244.246
Mar 06 00:14:40,botuser,91.134.140.242
Mar 06 00:15:19,robyn,180.76.100.33
Mar 06 00:15:50,1qazzaq!2wsx,212.64.58.58
Mar 06 00:16:17,lihao,142.93.232.102
Mar 06 00:16:25,gitlab-psql,111.161.74.118
Mar 06 00:16:26,garrysmod,119.29.252.252
Mar 06 00:16:39,wangyu,117.55.241.3
Mar 06 00:16:43,arkserver,87.122.99.79
Mar 06 00:17:01,hermann,123.143.3.44
Mar 06 00:17:29,named,91.134.140.242
Mar 06 00:17:56,radio,180.76.100.33
Mar 06 00:18:26,ec2-user,62.122.244.227
Mar 06 00:18:26,root,146.66.244.246
Mar 06 00:18:44,oracle,212.251.232.194
Mar 06 00:19:39,server,117.55.241.3
Mar 06 00:19:53,onion,5.196.227.244
Mar 06 00:20:05,root,142.93.232.102
Mar 06 00:20:16,celery,180.76.100.33
Mar 06 00:20:19,auckland,212.64.58.58
Mar 06 00:20:19,sysbackup,91.134.140.242
Mar 06 00:20:28,minecraft,111.161.74.118
Mar 06 00:20:39,portal,119.29.252.252
Mar 06 00:20:59,testuser,121.178.212.67
Mar 06 00:21:42,Ronald,123.143.3.44
Mar 06 00:22:38,vnc,117.55.241.3
Mar 06 00:22:44,wangtingzhang,146.66.244.246
Mar 06 00:22:46,liangmm,180.76.100.33
Mar 06 00:22:48,root,62.122.244.227
Mar 06 00:23:12,david,91.134.140.242
Mar 06 00:23:59,vsftpd,142.93.232.102
Mar 06 00:24:30,splunk,111.161.74.118
Mar 06 00:24:47,sunqiu123,212.64.58.58
Mar 06 00:25:12,gitlab,180.76.100.33
Mar 06 00:25:42,PlcmSpIp,117.55.241.3
Mar 06 00:25:54,act-ftp,91.134.140.242
Mar 06 00:26:28,root,123.143.3.44
Mar 06 00:26:54,lihao,146.66.244.246
Mar 06 00:27:36,resin,180.76.100.33
Mar 06 00:27:58,dmc,142.93.232.102
Mar 06 00:28:28,fmnet,111.161.74.118
Mar 06 00:28:42,node,91.134.140.242
Mar 06 00:28:49,tmp,117.55.241.3
Mar 06 00:28:55,azureuser,119.29.252.252
Mar 06 00:29:16,@P@ssword1,212.64.58.58
Mar 06 00:29:34,vbox,212.251.232.194
Mar 06 00:29:41,zhangxiaofei,62.122.244.227
Mar 06 00:30:07,ispconfig,180.76.100.33
Mar 06 00:30:58,kafka,146.66.244.246
Mar 06 00:31:18,tomcat,123.143.3.44
Mar 06 00:31:30,developer,91.134.140.242
Mar 06 00:31:45,zori,117.55.241.3
Mar 06 00:31:50,couchdb,142.93.232.102
Mar 06 00:32:24,Acotas,111.161.74.118
Mar 06 00:32:31,postgres,180.76.100.33
Mar 06 00:33:39,P4$$word01,212.64.58.58
Mar 06 00:33:55,yangxg,62.122.244.227
Mar 06 00:34:08,william,121.178.212.67
Mar 06 00:34:26,lhl,91.134.140.242
Mar 06 00:34:47,ftpuser,117.55.241.3
Mar 06 00:34:56,director,180.76.100.33
Mar 06 00:35:11,template,146.66.244.246
Mar 06 00:35:46,tomcat,142.93.232.102
Mar 06 00:36:12,billy,123.143.3.44
Mar 06 00:36:28,node,111.161.74.118
Mar 06 00:37:04,ts3srv,118.89.237.20
Mar 06 00:37:10,vpn,91.134.140.242
Mar 06 00:37:11,igor,119.29.252.252
Mar 06 00:37:20,david,180.76.100.33
Mar 06 00:37:45,app-ohras,117.55.241.3
Mar 06 00:38:00,P4ssw0rt,212.64.58.58
Mar 06 00:38:12,oracle,62.122.244.227
Mar 06 00:39:22,devops,146.66.244.246
Mar 06 00:39:36,ts3,142.93.232.102
Mar 06 00:39:48,airbot,180.76.100.33
Mar 06 00:39:57,uftp,91.134.140.242
Mar 06 00:40:25,dev,212.251.232.194
Mar 06 00:40:37,root,111.161.74.118
Mar 06 00:40:48,hadoop,117.55.241.3
Mar 06 00:40:55,zym,123.143.3.44
Mar 06 00:41:19,weizeding,119.29.252.252
Mar 06 00:42:22,sooya118,180.76.100.33
Mar 06 00:42:27,jiayuanyang,62.122.244.227
Mar 06 00:42:42,sarvub,91.134.140.242
Mar 06 00:43:29,weichanghe,142.93.232.102
Mar 06 00:43:32,cpanel,146.66.244.246
Mar 06 00:43:47,server,117.55.241.3
Mar 06 00:44:36,root,180.76.100.33
Mar 06 00:45:31,joe,91.134.140.242
Mar 06 00:45:32,user,123.143.3.44
Mar 06 00:45:34,sysop,119.29.252.252
Mar 06 00:46:38,share,62.122.244.227
Mar 06 00:46:50,joyou,117.55.241.3
Mar 06 00:46:56,opraprod@123,212.64.58.58
Mar 06 00:47:17,us,121.178.212.67
Mar 06 00:47:22,mapred,180.76.100.33
Mar 06 00:47:28,ocean,142.93.232.102
Mar 06 00:47:44,rachel,146.66.244.246
Mar 06 00:48:25,martin,91.134.140.242
Mar 06 00:49:40,gameserver,119.29.252.252
Mar 06 00:49:47,s,117.55.241.3
Mar 06 00:50:02,root,180.76.100.33
Mar 06 00:50:21,plex,123.143.3.44
Mar 06 00:50:56,tomcat,62.122.244.227
Mar 06 00:51:09,wenyan,91.134.140.242
Mar 06 00:51:09,user,212.251.232.194
Mar 06 00:51:16,jiayx,142.93.232.102
Mar 06 00:51:20,Pa$$word2,212.64.58.58
Mar 06 00:51:55,support,146.66.244.246
Mar 06 00:52:38,justinbiberx,180.76.100.33
Mar 06 00:52:47,zhangbo,117.55.241.3
Mar 06 00:53:46,root,119.29.252.252
Mar 06 00:53:56,root,91.134.140.242
Mar 06 00:55:08,www-data,142.93.232.102
Mar 06 00:55:13,jr,123.143.3.44
Mar 06 00:55:18,nagios,62.122.244.227
Mar 06 00:55:20,takamatsu,180.76.100.33
Mar 06 00:55:38,Pass,212.64.58.58
Mar 06 00:55:46,jiayan,117.55.241.3
Mar 06 00:56:07,server,146.66.244.246
Mar 06 00:57:43,glassfish,180.76.100.33
Mar 06 00:58:47,mmr,117.55.241.3
Mar 06 00:59:02,user5,142.93.232.102
Mar 06 00:59:10,uucp,91.134.140.242
Mar 06 00:59:35,support,62.122.244.227
Mar 06 00:59:58,www-data,123.143.3.44
Mar 06 01:00:22,saslauth,180.76.100.33
Mar 06 01:00:26,ts3,121.178.212.67
Mar 06 01:00:26,gitlab-runner,146.66.244.246
Mar 06 01:01:43,uno85,117.55.241.3
Mar 06 01:01:56,andre,212.251.232.194
Mar 06 01:02:02,ftpuser,91.134.140.242
Mar 06 01:02:57,kristof,180.76.100.33
Mar 06 01:02:59,ec2-user,142.93.232.102
Mar 06 01:03:30,rmxu,119.29.252.252
Mar 06 01:03:48,git,62.122.244.227
Mar 06 01:04:36,user5,146.66.244.246
Mar 06 01:04:38,sdtd,117.55.241.3
Mar 06 01:04:43,user1,123.143.3.44
Mar 06 01:04:48,root,91.134.140.242
Mar 06 01:05:30,usuario,180.76.100.33
Mar 06 01:05:40,root,212.64.58.58
Mar 06 01:06:50,root,142.93.232.102
Mar 06 01:07:36,postgres,117.55.241.3
Mar 06 01:07:37,qichen,119.29.252.252
Mar 06 01:08:04,tanxjian,180.76.100.33
Mar 06 01:08:05,root,62.122.244.227
Mar 06 01:09:13,tmpu02,146.66.244.246
Mar 06 01:09:32,sandbox,123.143.3.44
Mar 06 01:09:55,fctr,91.134.140.242
Mar 06 01:10:35,admin,142.93.232.102
Mar 06 01:10:35,nexus,117.55.241.3
Mar 06 01:10:40,lusifen,180.76.100.33
Mar 06 01:11:26,root,212.64.58.58
Mar 06 01:11:48,azureuser,119.29.252.252
Mar 06 01:12:50,mapred,91.134.140.242
Mar 06 01:13:01,jianzuoyi,212.251.232.194
Mar 06 01:13:16,ubuntu7,180.76.100.33
Mar 06 01:13:29,jupiter,146.66.244.246
Mar 06 01:13:41,frappe,121.178.212.67
Mar 06 01:13:41,csgoserver,117.55.241.3
Mar 06 01:14:24,nam,123.143.3.44
Mar 06 01:14:33,joe,142.93.232.102
Mar 06 01:15:09,kristofvps,62.122.244.227
Mar 06 01:15:40,smart,91.134.140.242
Mar 06 01:15:45,air,180.76.100.33
Mar 06 01:15:51,root2,119.29.252.252
Mar 06 01:16:34,xulei,117.55.241.3
Mar 06 01:17:19,lixiangfeng,212.64.58.58
Mar 06 01:17:40,wildfly,146.66.244.246
Mar 06 01:18:20,administrator,180.76.100.33
Mar 06 01:18:28,haoxiaoyang,91.134.140.242
Mar 06 01:18:32,qtss,142.93.232.102
Mar 06 01:19:08,root,123.143.3.44
Mar 06 01:19:26,carlo,62.122.244.227
Mar 06 01:19:32,nexus,117.55.241.3
Mar 06 01:19:43,root,114.67.95.188
Mar 06 01:19:46,root,89.216.81.153
Mar 06 01:20:00,root,119.29.252.252
Mar 06 01:20:42,kensei,180.76.100.33
Mar 06 01:21:11,craig,91.134.140.242
Mar 06 01:21:39,gopher,212.64.58.58
Mar 06 01:21:42,oradev,146.66.244.246
Mar 06 01:22:17,ts3,142.93.232.102
Mar 06 01:22:24,csgoserver,117.55.241.3
Mar 06 01:23:12,csgoserver,180.76.100.33
Mar 06 01:23:35,guest,62.122.244.227
Mar 06 01:23:42,clouduser,123.143.3.44
Mar 06 01:23:55,testing,91.134.140.242
Mar 06 01:24:03,dspace,212.251.232.194
Mar 06 01:24:09,xsbk,119.29.252.252
Mar 06 01:25:28,gpadmin,117.55.241.3
Mar 06 01:25:52,weichanghe,146.66.244.246
Mar 06 01:25:56,system,180.76.100.33
Mar 06 01:26:07,mikel,212.64.58.58
Mar 06 01:26:09,debian,142.93.232.102
Mar 06 01:26:47,e,91.134.140.242
Mar 06 01:27:09,oracle,121.178.212.67
Mar 06 01:27:52,kristof,62.122.244.227
Mar 06 01:28:24,pzserver,180.76.100.33
Mar 06 01:28:27,jyc,123.143.3.44
Mar 06 01:28:30,git,117.55.241.3
Mar 06 01:29:35,cpanel,91.134.140.242
Mar 06 01:30:02,guest3,146.66.244.246
Mar 06 01:30:02,template,142.93.232.102
Mar 06 01:30:54,zbl,180.76.100.33
Mar 06 01:31:28,daemon,117.55.241.3
Mar 06 01:32:14,trung,62.122.244.227
Mar 06 01:32:20,rstudio,119.29.252.252
Mar 06 01:32:27,libuuid,91.134.140.242
Mar 06 01:33:14,kfserver,123.143.3.44
Mar 06 01:33:36,globalflash,180.76.100.33
Mar 06 01:33:55,transfer,142.93.232.102
Mar 06 01:34:12,get,146.66.244.246
Mar 06 01:34:20,justin,117.55.241.3
Mar 06 01:34:32,admin,89.216.81.153
Mar 06 01:35:10,tecmint,91.134.140.242
Mar 06 01:35:15,user,212.251.232.194
Mar 06 01:35:56,csgoserver,180.76.100.33
Mar 06 01:36:25,michael,62.122.244.227
Mar 06 01:36:32,airflow,119.29.252.252
Mar 06 01:37:16,testuser,117.55.241.3
Mar 06 01:37:44,openbravo,142.93.232.102
Mar 06 01:37:51,guest,123.143.3.44
Mar 06 01:37:57,admin,91.134.140.242
Mar 06 01:38:20,laravel,146.66.244.246
Mar 06 01:38:20,sleep,180.76.100.33
Mar 06 01:40:17,user1,117.55.241.3
Mar 06 01:40:25,uftp,121.178.212.67
Mar 06 01:40:31,naomi,119.29.252.252
Mar 06 01:40:32,root,188.128.39.127
Mar 06 01:40:38,shiyic,62.122.244.227
Mar 06 01:40:49,des,180.76.100.33
Mar 06 01:41:21,ftpadmin,89.216.81.153
Mar 06 01:41:32,des,142.93.232.102
Mar 06 01:42:27,developer,123.143.3.44
Mar 06 01:42:34,jiayx,146.66.244.246
Mar 06 01:43:10,amstest,91.134.140.242
Mar 06 01:43:20,openfiler,117.55.241.3
Mar 06 01:43:21,kirinuki,180.76.100.33
Mar 06 01:44:57,ts3user,62.122.244.227
Mar 06 01:45:08,root,35.196.239.92
Mar 06 01:45:31,deploy,142.93.232.102
Mar 06 01:45:53,xxx,180.76.100.33
Mar 06 01:46:01,root,91.134.140.242
Mar 06 01:46:07,root,212.251.232.194
Mar 06 01:46:16,direction,117.55.241.3
Mar 06 01:46:52,trade,146.66.244.246
Mar 06 01:47:06,jstorm,123.143.3.44
Mar 06 01:47:47,root,89.216.81.153
Mar 06 01:48:22,myftp,180.76.100.33
Mar 06 01:48:43,influxdb,119.29.252.252
Mar 06 01:49:08,redis,117.55.241.3
Mar 06 01:49:11,kelly,62.122.244.227
Mar 06 01:49:20,jayheo,142.93.232.102
Mar 06 01:50:55,pi,180.76.100.33
Mar 06 01:51:06,lingqi,146.66.244.246
Mar 06 01:51:12,diradmin,91.134.140.242
Mar 06 01:51:54,alexis,123.143.3.44
Mar 06 01:52:04,qtss,117.55.241.3
Mar 06 01:52:40,noc,119.29.252.252
Mar 06 01:53:09,admin,180.76.100.33
Mar 06 01:53:09,default,142.93.232.102
Mar 06 01:53:25,m3chen,62.122.244.227
Mar 06 01:53:41,ts3user,121.178.212.67
Mar 06 01:53:55,root,91.134.140.242
Mar 06 01:53:57,root,89.216.81.153
Mar 06 01:55:13,satomi,146.66.244.246
Mar 06 01:55:47,patrycja,180.76.100.33
Mar 06 01:56:33,oikawa,123.143.3.44
Mar 06 01:56:46,miaohaoran,119.29.252.252
Mar 06 01:57:02,bmdmserver,142.93.232.102
Mar 06 01:57:03,robert,212.251.232.194
Mar 06 01:57:36,oracle,62.122.244.227
Mar 06 01:57:39,root,188.242.106.56
Mar 06 01:58:19,ts3bot,180.76.100.33
Mar 06 01:59:08,lab,91.134.140.242
Mar 06 01:59:29,ec2-user,146.66.244.246
Mar 06 02:00:16,bitbucket,35.196.239.92
Mar 06 02:00:36,guozp,180.76.100.33
Mar 06 02:00:53,get,142.93.232.102
Mar 06 02:00:57,testnet,119.29.252.252
Mar 06 02:00:59,root,89.216.81.153
Mar 06 02:01:07,root,123.143.3.44
Mar 06 02:01:48,zabbix,62.122.244.227
Mar 06 02:01:57,abc,91.134.140.242
Mar 06 02:03:00,export,180.76.100.33
Mar 06 02:03:48,storm,146.66.244.246
Mar 06 02:04:43,otrs,91.134.140.242
Mar 06 02:04:47,bin,142.93.232.102
Mar 06 02:05:24,HTTP,180.76.100.33
Mar 06 02:05:55,jeff,123.143.3.44
Mar 06 02:06:04,production,62.122.244.227
Mar 06 02:06:53,root,139.199.84.234
Mar 06 02:07:27,root,89.216.81.153
Mar 06 02:07:28,sshuser,91.134.140.242
Mar 06 02:07:38,root,118.186.9.86
Mar 06 02:07:54,admin1,180.76.100.33
Mar 06 02:07:56,nexus,212.251.232.194
Mar 06 02:08:07,qtss,146.66.244.246
Mar 06 02:08:23,ts4,35.196.239.92
Mar 06 02:08:33,steve,142.93.232.102
Mar 06 02:09:14,pietre,119.29.252.252
Mar 06 02:10:17,root,91.134.140.242
Mar 06 02:10:23,hanwei,62.122.244.227
Mar 06 02:10:26,rust,180.76.100.33
Mar 06 02:10:38,personal,123.143.3.44
Mar 06 02:12:20,mars,142.93.232.102
Mar 06 02:12:26,tomcat,146.66.244.246
Mar 06 02:12:53,testing,180.76.100.33
Mar 06 02:13:20,kurokawa,119.29.252.252
Mar 06 02:13:55,root,89.216.81.153
Mar 06 02:14:28,lishan,62.122.244.227
Mar 06 02:15:20,ftpuser,123.143.3.44
Mar 06 02:15:28,tmpu01,180.76.100.33
Mar 06 02:15:31,radio,91.134.140.242
Mar 06 02:15:46,andre,35.196.239.92
Mar 06 02:16:15,gitlab-psql,142.93.232.102
Mar 06 02:16:45,ec2-user,146.66.244.246
Mar 06 02:17:27,patrycja,119.29.252.252
Mar 06 02:17:48,ftpadmin,180.76.100.33
Mar 06 02:18:23,roland,91.134.140.242
Mar 06 02:18:49,user1,62.122.244.227
Mar 06 02:19:02,admin,212.251.232.194
Mar 06 02:19:47,chris,206.189.129.174
Mar 06 02:19:57,cpanel,123.143.3.44
Mar 06 02:20:03,factorio,180.76.100.33
Mar 06 02:20:11,gmod,142.93.232.102
Mar 06 02:20:23,root,89.216.81.153
Mar 06 02:21:07,discordbot,91.134.140.242
Mar 06 02:21:08,tfc,146.66.244.246
Mar 06 02:21:31,root,89.231.80.211
Mar 06 02:22:27,root,35.196.239.92
Mar 06 02:22:28,sara,180.76.100.33
Mar 06 02:23:11,root,188.242.106.56
Mar 06 02:23:11,gpadmin,62.122.244.227
Mar 06 02:23:43,root,139.199.84.234
Mar 06 02:23:55,fujino,91.134.140.242
Mar 06 02:24:02,hanshow,142.93.232.102
Mar 06 02:24:09,root,207.246.84.123
Mar 06 02:24:39,ftptest,123.143.3.44
Mar 06 02:24:52,remote,180.76.100.33
Mar 06 02:25:22,root,146.66.244.246
Mar 06 02:26:34,chris,91.134.140.242
Mar 06 02:26:45,root,89.216.81.153
Mar 06 02:27:26,teamsystem,62.122.244.227
Mar 06 02:27:46,user1,142.93.232.102
Mar 06 02:29:22,xutong,123.143.3.44
Mar 06 02:29:31,man,91.134.140.242
Mar 06 02:29:35,man,146.66.244.246
Mar 06 02:29:48,fabian,119.29.252.252
Mar 06 02:29:55,vbox,212.251.232.194
Mar 06 02:29:56,liuzongming,35.196.239.92
Mar 06 02:31:34,centos,62.122.244.227
Mar 06 02:31:40,yyg,142.93.232.102
Mar 06 02:32:21,sysadmin,91.134.140.242
Mar 06 02:33:00,cumulus,206.189.129.174
Mar 06 02:33:10,root,89.216.81.153
Mar 06 02:33:53,dmc,146.66.244.246
Mar 06 02:33:54,root,119.29.252.252
Mar 06 02:34:01,dod,123.143.3.44
Mar 06 02:35:07,tmp,91.134.140.242
Mar 06 02:35:38,cpanel,142.93.232.102
Mar 06 02:35:52,anil,62.122.244.227
Mar 06 02:36:41,appserver,35.196.239.92
Mar 06 02:36:54,root,139.199.84.234
Mar 06 02:37:25,root,206.189.129.174
Mar 06 02:37:51,cy,91.134.140.242
Mar 06 02:38:21,jomar,146.66.244.246
Mar 06 02:38:37,sinus,123.143.3.44
Mar 06 02:39:21,rachel,142.93.232.102
Mar 06 02:39:28,user,119.29.252.252
Mar 06 02:39:36,root,89.216.81.153
Mar 06 02:40:03,kmycloud,62.122.244.227
Mar 06 02:40:04,root,139.199.84.234
Mar 06 02:40:34,cyyang,91.134.140.242
Mar 06 02:40:53,abdullah,212.251.232.194
Mar 06 02:41:33,sinusbot,206.189.129.174
Mar 06 02:42:17,gerrit2,35.196.239.92
Mar 06 02:42:44,user1,146.66.244.246
Mar 06 02:43:10,root,142.93.232.102
Mar 06 02:43:15,root,139.199.84.234
Mar 06 02:43:20,git,123.143.3.44
Mar 06 02:44:22,steam,62.122.244.227
Mar 06 02:45:41,ut3server,206.189.129.174
Mar 06 02:46:00,admin,89.216.81.153
Mar 06 02:46:03,root,188.242.106.56
Mar 06 02:46:14,root,139.199.84.234
Mar 06 02:46:53,postgres,146.66.244.246
Mar 06 02:47:08,gitlab-runner,142.93.232.102
Mar 06 02:47:34,daniel,119.29.252.252
Mar 06 02:48:08,hduser,123.143.3.44
Mar 06 02:48:35,alice,62.122.244.227
Mar 06 02:49:13,ghost,35.196.239.92
Mar 06 02:49:20,root,139.199.84.234
Mar 06 02:49:57,developer,206.189.129.174
Mar 06 02:50:18,niiv,42.51.204.24
Mar 06 02:50:59,devops,142.93.232.102
Mar 06 02:51:07,appserver,146.66.244.246
Mar 06 02:51:45,root,119.29.252.252
Mar 06 02:51:54,ftpuser1,212.251.232.194
Mar 06 02:52:26,root,139.199.84.234
Mar 06 02:52:28,root,89.216.81.153
Mar 06 02:52:44,admin,62.122.244.227
Mar 06 02:52:44,at,123.143.3.44
Mar 06 02:54:13,maria,206.189.129.174
Mar 06 02:54:47,oracle,142.93.232.102
Mar 06 02:55:20,jatten,146.66.244.246
Mar 06 02:55:21,alex,35.196.239.92
Mar 06 02:56:57,ts3server,62.122.244.227
Mar 06 02:56:58,user0,45.118.151.85
Mar 06 02:57:21,yangzuokun,123.143.3.44
Mar 06 02:57:21,jstorm,119.29.252.252
Mar 06 02:58:19,rsync,206.189.129.174
Mar 06 02:58:32,jira,142.93.232.102
Mar 06 02:58:43,root,139.199.84.234
Mar 06 02:58:53,pi,89.216.81.153
Mar 06 02:59:32,student,146.66.244.246
Mar 06 03:01:16,admin,62.122.244.227
Mar 06 03:01:28,gnats,119.29.252.252
Mar 06 03:01:46,root,139.199.84.234
Mar 06 03:02:02,wordpress,123.143.3.44
Mar 06 03:02:33,sleeper,142.93.232.102
Mar 06 03:02:34,vnc,206.189.129.174
Mar 06 03:02:50,master,212.251.232.194
Mar 06 03:03:41,git,146.66.244.246
Mar 06 03:04:51,cpanellogin,139.199.84.234
Mar 06 03:05:21,lihuanhuan,62.122.244.227
Mar 06 03:05:33,root,119.29.252.252
Mar 06 03:05:42,root,88.89.44.167
Mar 06 03:06:24,as,89.216.81.153
Mar 06 03:06:25,husty,142.93.232.102
Mar 06 03:06:49,patrycja,206.189.129.174
Mar 06 03:06:50,coduo,123.143.3.44
Mar 06 03:07:36,sbot,86.35.37.186
Mar 06 03:07:50,couchdb,146.66.244.246
Mar 06 03:08:01,pedro,188.242.106.56
Mar 06 03:09:24,cyrus,139.199.84.234
Mar 06 03:09:37,hanwei,62.122.244.227
Mar 06 03:10:10,uno85,142.93.232.102
Mar 06 03:10:22,radio,35.196.239.92
Mar 06 03:11:03,vbox,206.189.129.174
Mar 06 03:11:12,uucp,119.29.252.252
Mar 06 03:11:40,cpanellogin,123.143.3.44
Mar 06 03:11:58,jira,146.66.244.246
Mar 06 03:12:43,root,89.216.81.153
Mar 06 03:13:50,cpanelcabcache,212.251.232.194
Mar 06 03:14:02,nsroot,62.122.244.227
Mar 06 03:14:02,jupiter,142.93.232.102
Mar 06 03:15:15,root,206.189.129.174
Mar 06 03:15:19,ts3,119.29.252.252
Mar 06 03:15:59,gitlab-prometheus,88.89.44.167
Mar 06 03:16:11,des,146.66.244.246
Mar 06 03:16:12,kevin,123.143.3.44
Mar 06 03:17:00,upload,139.199.84.234
Mar 06 03:18:00,lp,35.196.239.92
Mar 06 03:18:12,sshvpn,62.122.244.227
Mar 06 03:18:52,root,89.216.81.153
Mar 06 03:19:24,sftptest,206.189.129.174
Mar 06 03:19:25,rails,119.29.252.252
Mar 06 03:19:31,confluence,46.105.31.249
Mar 06 03:19:54,shuangbo,88.89.44.167
Mar 06 03:20:02,root,139.199.84.234
Mar 06 03:20:54,husty,123.143.3.44
Mar 06 03:23:00,root,139.199.84.234
Mar 06 03:23:32,act,119.29.252.252
Mar 06 03:23:33,amandabackup,88.89.44.167
Mar 06 03:23:37,zhcui,206.189.129.174
Mar 06 03:24:32,www-data,62.122.244.227
Mar 06 03:24:39,laravel,212.251.232.194
Mar 06 03:24:53,root,89.216.81.153
Mar 06 03:25:10,ubuntu,180.76.246.210
Mar 06 03:25:36,ogpbot,35.196.239.92
Mar 06 03:25:40,oleta,123.143.3.44
Mar 06 03:26:02,root,139.199.84.234
Mar 06 03:27:22,grid,88.89.44.167
Mar 06 03:27:39,alice,119.29.252.252
Mar 06 03:27:55,webtool,206.189.129.174
Mar 06 03:28:50,zhangyong,62.122.244.227
Mar 06 03:29:01,root,139.199.84.234
Mar 06 03:30:08,root,188.242.106.56
Mar 06 03:30:20,root,123.143.3.44
Mar 06 03:31:07,debian-spamd,89.216.81.153
Mar 06 03:31:14,root,88.89.44.167
Mar 06 03:31:42,spice,119.29.252.252
Mar 06 03:32:06,gbcluster,206.189.129.174
Mar 06 03:33:07,news,62.122.244.227
Mar 06 03:33:10,demo,35.196.239.92
Mar 06 03:34:55,ftptest,123.143.3.44
Mar 06 03:35:04,root,139.199.84.234
Mar 06 03:35:09,v,88.89.44.167
Mar 06 03:35:27,root,212.251.232.194
Mar 06 03:35:49,root,119.29.252.252
Mar 06 03:36:12,redmine,206.189.129.174
Mar 06 03:37:13,root,180.76.246.210
Mar 06 03:37:15,david,62.122.244.227
Mar 06 03:37:15,root,89.216.81.153
Mar 06 03:38:05,root,139.199.84.234
Mar 06 03:38:59,youtrack,88.89.44.167
Mar 06 03:39:40,ghost,123.143.3.44
Mar 06 03:39:57,01,119.29.252.252
Mar 06 03:40:20,admin,35.196.239.92
Mar 06 03:40:28,root,206.189.129.174
Mar 06 03:41:12,kompozit,139.199.84.234
Mar 06 03:41:26,brian,62.122.244.227
Mar 06 03:42:41,cbiu0,88.89.44.167
Mar 06 03:43:07,root,89.216.81.153
Mar 06 03:44:26,newsletter,123.143.3.44
Mar 06 03:44:45,oracle,206.189.129.174
Mar 06 03:45:44,ccc,62.122.244.227
Mar 06 03:46:23,nx,212.251.232.194
Mar 06 03:46:25,root,180.76.246.210
Mar 06 03:46:34,ocean,88.89.44.167
Mar 06 03:47:11,root,35.196.239.92
Mar 06 03:47:21,azureuser,122.152.212.31
Mar 06 03:48:52,redmine,206.189.129.174
Mar 06 03:48:59,redhat,180.76.246.210
Mar 06 03:49:05,linux,123.143.3.44
Mar 06 03:49:05,apache,89.216.81.153
Mar 06 03:49:54,finance,62.122.244.227
Mar 06 03:50:30,couchdb,88.89.44.167
Mar 06 03:51:43,root,180.76.246.210
Mar 06 03:52:03,test3,188.242.106.56
Mar 06 03:53:05,odoo,206.189.129.174
Mar 06 03:53:28,ts3bot,139.199.84.234
Mar 06 03:53:39,confluence,123.143.3.44
Mar 06 03:54:16,news,88.89.44.167
Mar 06 03:54:20,security,35.196.239.92
Mar 06 03:55:06,bitrix,89.216.81.153
Mar 06 03:55:13,root,180.76.246.210
Mar 06 03:56:11,carlos,62.122.244.227
Mar 06 03:57:18,ubuntu,206.189.129.174
Mar 06 03:57:47,root,180.76.246.210
Mar 06 03:58:03,root,88.89.44.167
Mar 06 03:58:25,shiyic,123.143.3.44
Mar 06 04:00:24,wangyi,188.147.161.162
Mar 06 04:00:26,root,180.76.246.210
Mar 06 04:00:29,testnet,62.122.244.227
Mar 06 04:00:54,root,89.216.81.153
Mar 06 04:01:29,musicbot,206.189.129.174
Mar 06 04:01:56,test,88.89.44.167
Mar 06 04:02:33,xrdp,35.196.239.92
Mar 06 04:03:05,root,180.76.246.210
Mar 06 04:03:09,app,123.143.3.44
Mar 06 04:04:47,root,62.122.244.227
Mar 06 04:05:43,adm,206.189.129.174
Mar 06 04:05:47,sk,180.76.246.210
Mar 06 04:05:58,chenlu,88.89.44.167
Mar 06 04:06:54,root,89.216.81.153
Mar 06 04:08:03,warcraft,123.143.3.44
Mar 06 04:08:26,root,180.76.246.210
Mar 06 04:09:41,chenyang,35.196.239.92
Mar 06 04:09:46,smart,88.89.44.167
Mar 06 04:09:52,teamspeak,206.189.129.174
Mar 06 04:11:04,vmadmin,180.76.246.210
Mar 06 04:11:49,rstudio-server,62.122.244.227
Mar 06 04:12:08,project,188.147.161.162
Mar 06 04:12:43,yangweifei,123.143.3.44
Mar 06 04:12:56,root,89.216.81.153
Mar 06 04:13:30,aaa,88.89.44.167
Mar 06 04:13:39,root,180.76.246.210
Mar 06 04:13:59,root,188.242.106.56
Mar 06 04:14:05,zhoumin,206.189.129.174
Mar 06 04:16:04,list,62.122.244.227
Mar 06 04:16:13,root,180.76.246.210
Mar 06 04:16:54,osman,35.196.239.92
Mar 06 04:17:27,epiconf,123.143.3.44
Mar 06 04:17:28,nginx,88.89.44.167
Mar 06 04:18:24,cat,206.189.129.174
Mar 06 04:18:54,root,180.76.246.210
Mar 06 04:19:01,root,89.216.81.153
Mar 06 04:20:17,wp,62.122.244.227
Mar 06 04:21:25,mega,88.89.44.167
Mar 06 04:21:35,robert,180.76.246.210
Mar 06 04:22:14,root,123.143.3.44
Mar 06 04:22:33,pat,206.189.129.174
Mar 06 04:24:21,nx,180.76.246.210
Mar 06 04:24:32,chencaiping,62.122.244.227
Mar 06 04:24:35,market,35.196.239.92
Mar 06 04:25:03,storm,89.216.81.153
Mar 06 04:25:15,root,88.89.44.167
Mar 06 04:26:38,max,206.189.129.174
Mar 06 04:26:56,alfresco,180.76.246.210
Mar 06 04:28:41,edgar,62.122.244.227
Mar 06 04:29:04,shangzengqiang,88.89.44.167
Mar 06 04:29:38,root,180.76.246.210
Mar 06 04:30:55,tharani,206.189.129.174
Mar 06 04:31:04,root,89.216.81.153
Mar 06 04:31:28,backup,35.196.239.92
Mar 06 04:32:16,root,180.76.246.210
Mar 06 04:32:58,vbox,62.122.244.227
Mar 06 04:33:00,daniel,88.89.44.167
Mar 06 04:34:59,root,180.76.246.210
Mar 06 04:35:12,rr,206.189.129.174
Mar 06 04:36:05,root,188.242.106.56
Mar 06 04:37:03,admin,88.89.44.167
Mar 06 04:37:14,ftpadmin,62.122.244.227
Mar 06 04:37:41,root,180.76.246.210
Mar 06 04:38:53,unlock,35.196.239.92
Mar 06 04:39:00,root,182.209.71.94
Mar 06 04:39:22,aron,206.189.129.174
Mar 06 04:40:24,oracle,180.76.246.210
Mar 06 04:40:51,root,88.89.44.167
Mar 06 04:41:26,couchdb,62.122.244.227
Mar 06 04:43:12,root,180.76.246.210
Mar 06 04:43:37,cpaneleximfilter,206.189.129.174
Mar 06 04:44:41,chenhangting,88.89.44.167
Mar 06 04:45:38,upload,62.122.244.227
Mar 06 04:45:46,ldapuser,35.196.239.92
Mar 06 04:45:52,devops,182.209.71.94
Mar 06 04:45:52,b,180.76.246.210
Mar 06 04:47:57,postgres,206.189.129.174
Mar 06 04:48:30,root,180.76.246.210
Mar 06 04:48:38,alex,88.89.44.167
Mar 06 04:49:20,root,182.209.71.94
Mar 06 04:49:58,alma,62.122.244.227
Mar 06 04:50:49,cpanelphppgadmin,188.147.161.162
Mar 06 04:51:10,root,180.76.246.210
Mar 06 04:52:18,chef,206.189.129.174
Mar 06 04:52:31,root,88.89.44.167
Mar 06 04:52:37,root,182.209.71.94
Mar 06 04:53:10,root,80.211.231.224
Mar 06 04:53:54,root,180.76.246.210
Mar 06 04:54:07,testnet,62.122.244.227
Mar 06 04:56:10,root,182.209.71.94
Mar 06 04:56:25,root,88.89.44.167
Mar 06 04:56:39,root,206.189.129.174
Mar 06 04:58:08,root,188.242.106.56
Mar 06 04:58:17,webmaster,62.122.244.227
Mar 06 04:58:50,carlos,188.147.161.162
Mar 06 04:59:39,root,182.209.71.94
Mar 06 05:00:14,gameserver,88.89.44.167
Mar 06 05:00:45,openldap,35.196.239.92
Mar 06 05:00:51,Michelle,206.189.129.174
Mar 06 05:02:32,gpadmin,62.122.244.227
Mar 06 05:03:14,irc,182.209.71.94
Mar 06 05:04:09,mongodb,88.89.44.167
Mar 06 05:05:11,divya,206.189.129.174
Mar 06 05:06:41,test,182.209.71.94
Mar 06 05:06:46,root,62.122.244.227
Mar 06 05:08:07,upload,88.89.44.167
Mar 06 05:08:21,student,35.196.239.92
Mar 06 05:09:38,beny,206.189.129.174
Mar 06 05:10:06,webuser,182.209.71.94
Mar 06 05:11:56,public,88.89.44.167
Mar 06 05:13:36,root,182.209.71.94
Mar 06 05:13:54,ts3,62.122.244.227
Mar 06 05:13:55,condor,206.189.129.174
Mar 06 05:15:21,root,35.196.239.92
Mar 06 05:15:49,ftpuser,88.89.44.167
Mar 06 05:17:07,1234,182.209.71.94
Mar 06 05:18:05,vmail,206.189.129.174
Mar 06 05:18:11,root,62.122.244.227
Mar 06 05:19:44,fjseclib,88.89.44.167
Mar 06 05:20:15,diego,188.242.106.56
Mar 06 05:20:36,qwerty,182.209.71.94
Mar 06 05:22:27,myftp,206.189.129.174
Mar 06 05:23:03,ts,35.196.239.92
Mar 06 05:23:43,squid,88.89.44.167
Mar 06 05:24:01,oreo,182.209.71.94
Mar 06 05:25:20,root,62.122.244.227
Mar 06 05:26:50,jiayuanyang,206.189.129.174
Mar 06 05:27:34,1qaz@WSXxsw2,182.209.71.94
Mar 06 05:27:43,fctrserver,88.89.44.167
Mar 06 05:30:59,root,35.196.239.92
Mar 06 05:31:04,adminuser,206.189.129.174
Mar 06 05:31:04,free,182.209.71.94
